COMMERCIAL SALMON IN-SEASON CATCH ESTIMATES (IN PIECES) FROM 2005 TO 2022 -  GILL NET,,,,,,,,,,,,,,,,,,,
FISHERY,ESTIMATE_TYPE,LICENCE_AREA,CALENDAR_YEAR,MGMT_AREA,VESSEL_COUNT,BOAT_DAYS,SOCKEYE_KEPT,SOCKEYE_RELD,COHO_KEPT,COHO_RELD,PINK_KEPT,PINK_RELD,CHUM_KEPT,CHUM_RELD,CHINOOK_KEPT,CHINOOK_RELD,STEELHEAD_KEPT,STEELHEAD_RELD,NOTES
SALMON GILL NET,IN-SEASON,AREA C - SALMON GILL NET,2005,1,0,0,0,0,0,0,0,0,0,0,0,0,0,0,
SALMON GILL NET,IN-SEASON,AREA C - SALMON GILL NET,2005,2,19,145,0,0,700,0,2,0,"38,867",0,2,0,0,0,
SALMON GILL NET,IN-SEASON,AREA C - SALMON GILL NET,2005,3,460,"3,968","131,511",0,"4,008","4,110","274,264","6,064","66,484","6,685","3,345",582,11,148,
SALMON GILL NET,IN-SEASON,AREA C - SALMON GILL NET,2005,4,115,199,35,0,0,0,0,0,1,0,"1,760",0,0,25,
SALMON GILL NET,IN-SEASON,AREA C - SALMON GILL NET,2005,6,196,"1,396",976,0,"1,363",7,"79,027","8,148","146,401",0,122,11,0,3,
SALMON GILL NET,IN-SEASON,AREA C - SALMON GILL NET,2005,7,72,276,78,0,907,0,"1,244",0,"37,891",0,4,0,0,0,
SALMON GILL NET,IN-SEASON,AREA C - SALMON GILL NET,2005,8,290,"2,189","1,089",0,"4,471",0,"24,033",0,"198,623",0,"6,179",0,0,0,
SALMON GILL NET,IN-SEASON,AREA D - SALMON GILL NET,2005,12,114,750,"28,984",28,11,"2,422","5,655",31,"84,446",0,11,79,0,28,
SALMON GILL NET,IN-SEASON,AREA D - SALMON GILL NET,2005,13,73,370,"12,760",7,0,596,"3,244",200,"64,153",78,11,30,0,6,
SALMON GILL NET,IN-SEASON,AREA D - SALMON GILL NET,2005,14,94,423,0,0,1,33,0,117,"29,741",1,2,0,0,0,
SALMON GILL NET,IN-SEASON,AREA E - SALMON GILL NET,2005,16,47,89,"8,136",12,0,37,"2,520",2,293,51,0,6,0,0,
SALMON GILL NET,IN-SEASON,AREA E - SALMON GILL NET,2005,17,30,60,0,0,0,6,0,0,"3,797",0,0,0,0,0,
SALMON GILL NET,IN-SEASON,AREA E - SALMON GILL NET,2005,21,67,745,0,1,0,828,0,1,"294,054",356,1,7,0,6,
SALMON GILL NET,IN-SEASON,AREA D - SALMON GILL NET,2005,23,101,422,"10,609",59,452,31,0,1,"12,328",2,"10,433",11,1,19,
SALMON GILL NET,IN-SEASON,AREA D - SALMON GILL NET,2005,25,68,622,2,2,"1,099",8,0,0,"109,745",1,"8,179",30,0,1,
SALMON GILL NET,IN-SEASON,AREA E - SALMON GILL NET,2005,29,155,337,"3,375",10,0,511,"1,082",16,"56,898",121,139,97,0,28,
SALMON GILL NET,IN-SEASON,AREA C - SALMON GILL NET,2006,1,1,7,,,,,,,,,,,,,Catch figures omitted due to privacy restrictions.
SALMON GILL NET,IN-SEASON,AREA C - SALMON GILL NET,2006,2,20,85,0,0,"1,055",0,86,0,"17,820",0,0,0,0,0,
SALMON GILL NET,IN-SEASON,AREA C - SALMON GILL NET,2006,3,434,"3,487","210,859",0,0,"4,393","52,993","1,486","48,486","7,824","5,019",828,0,162,
SALMON GILL NET,IN-SEASON,AREA C - SALMON GILL NET,2006,4,491,"6,376","711,818",0,0,"23,656","216,147","8,137","5,641","15,084","5,120",521,0,"3,906",
SALMON GILL NET,IN-SEASON,AREA C - SALMON GILL NET,2006,5,24,123,"11,995",0,0,"2,003","11,296","2,105","1,896","1,354",37,15,0,20,
SALMON GILL NET,IN-SEASON,AREA C - SALMON GILL NET,2006,6,41,234,277,1,0,872,"3,810",194,"45,302",0,74,8,0,5,
SALMON GILL NET,IN-SEASON,AREA C - SALMON GILL NET,2006,7,29,60,14,0,338,0,652,0,"10,803","3,610",2,0,0,0,
SALMON GILL NET,IN-SEASON,AREA C - SALMON GILL NET,2006,8,202,"1,624","1,189",0,"2,996",0,"9,696",0,"270,381",0,"5,222",0,0,0,
SALMON GILL NET,IN-SEASON,AREA D - SALMON GILL NET,2006,11,143,409,"47,920",15,1,569,"2,157",50,"1,840",16,12,113,0,48,
SALMON GILL NET,IN-SEASON,AREA D - SALMON GILL NET,2006,12,277,"3,131","340,490",57,3,"4,873","19,054","1,170","94,900",190,72,705,1,177,
SALMON GILL NET,IN-SEASON,AREA D - SALMON GILL NET,2006,13,114,821,"72,814",7,3,392,"2,039",20,"54,490",3,63,102,0,12,
SALMON GILL NET,IN-SEASON,AREA D - SALMON GILL NET,2006,14,98,549,0,0,0,67,0,0,"80,534",61,0,3,0,0,
SALMON GILL NET,IN-SEASON,AREA E - SALMON GILL NET,2006,21,96,"1,009",0,2,0,360,0,0,"229,243",181,0,13,0,9,
SALMON GILL NET,IN-SEASON,AREA D - SALMON GILL NET,2006,23,90,333,"5,468",3,117,4,0,0,"18,269",1,"12,978",38,1,37,
SALMON GILL NET,IN-SEASON,AREA D - SALMON GILL NET,2006,25,66,434,0,6,"1,259",6,0,274,"124,596",2,"4,846",166,0,19,
SALMON GILL NET,IN-SEASON,AREA E - SALMON GILL NET,2006,29,353,"1,809","782,424",83,1,295,250,0,"163,757",188,"3,452",175,1,33,
SALMON GILL NET,IN-SEASON,AREA C - SALMON GILL NET,2007,3,389,"2,541","107,144",0,"9,839",282,"97,095","1,699","12,542","1,660","3,822",682,0,231,
SALMON GILL NET,IN-SEASON,AREA C - SALMON GILL NET,2007,4,419,"2,621","361,944",0,"5,003",158,"343,029","3,916",0,"2,684","5,186",168,0,933,
SALMON GILL NET,IN-SEASON,AREA C - SALMON GILL NET,2007,5,10,17,"2,046",0,197,0,"2,468",810,0,701,4,0,0,1,
SALMON GILL NET,IN-SEASON,AREA C - SALMON GILL NET,2007,6,20,77,395,0,103,13,"9,365","1,180","14,253",0,151,0,0,2,
SALMON GILL NET,IN-SEASON,AREA C - SALMON GILL NET,2007,7,19,34,3,0,0,0,598,0,"5,357",0,0,0,0,0,
SALMON GILL NET,IN-SEASON,AREA C - SALMON GILL NET,2007,8,202,"1,349",373,0,0,0,"7,701",0,"190,867",0,"5,426",0,0,0,
SALMON GILL NET,IN-SEASON,AREA D - SALMON GILL NET,2007,12,90,498,0,9,0,357,21,1,"27,728",8,0,10,0,12,
SALMON GILL NET,IN-SEASON,AREA D - SALMON GILL NET,2007,13,76,492,0,0,7,563,1,0,"59,967",6,0,19,0,2,
SALMON GILL NET,IN-SEASON,AREA D - SALMON GILL NET,2007,14,94,449,0,0,3,30,0,0,"25,353",6,0,0,0,0,
SALMON GILL NET,IN-SEASON,AREA E - SALMON GILL NET,2007,17,6,14,0,0,0,0,0,0,326,0,0,0,0,0,
SALMON GILL NET,IN-SEASON,AREA E - SALMON GILL NET,2007,18,32,65,0,0,0,4,0,0,"6,936",2,0,0,0,0,
SALMON GILL NET,IN-SEASON,AREA E - SALMON GILL NET,2007,21,100,540,0,0,2,235,0,884,"180,111",37,0,5,0,2,
SALMON GILL NET,IN-SEASON,AREA D - SALMON GILL NET,2007,23,91,405,0,0,436,2,0,0,"7,828",1,"16,739",14,0,2,
SALMON GILL NET,IN-SEASON,AREA D - SALMON GILL NET,2007,24,5,34,0,0,0,15,0,0,"4,473",0,0,0,0,0,
SALMON GILL NET,IN-SEASON,AREA D - SALMON GILL NET,2007,25,89,353,0,1,623,3,0,0,"16,649",0,"6,101",12,0,0,
SALMON GILL NET,IN-SEASON,AREA D - SALMON GILL NET,2007,27,2,7,,,,,,,,,,,,,Catch figures omitted due to privacy restrictions.
SALMON GILL NET,IN-SEASON,AREA E - SALMON GILL NET,2007,29,215,418,0,2,0,"1,003",0,8,"29,879",27,88,78,0,6,
SALMON GILL NET,IN-SEASON,AREA C - SALMON GILL NET,2008,2,2,6,,,,,,,,,,,,,Catch figures omitted due to privacy restrictions.
SALMON GILL NET,IN-SEASON,AREA C - SALMON GILL NET,2008,3,275,893,"36,506",0,0,"2,164","10,392",301,"14,714","2,874",443,162,0,84,
SALMON GILL NET,IN-SEASON,AREA C - SALMON GILL NET,2008,4,345,"3,319","497,320",0,0,"8,780","63,544","2,624",0,"7,234","5,236",675,0,"3,336",
SALMON GILL NET,IN-SEASON,AREA C - SALMON GILL NET,2008,5,22,28,"1,794",0,0,315,303,5,0,355,7,0,0,3,
SALMON GILL NET,IN-SEASON,AREA C - SALMON GILL NET,2008,6,14,28,62,0,0,111,225,4,"3,042",0,50,9,0,2,
SALMON GILL NET,IN-SEASON,AREA C - SALMON GILL NET,2008,8,73,291,258,3,0,84,795,0,"8,546",0,"1,134",0,0,30,
SALMON GILL NET,IN-SEASON,AREA D - SALMON GILL NET,2008,12,112,691,"3,210",0,0,551,"3,431",61,"53,060",2,0,20,0,31,
SALMON GILL NET,IN-SEASON,AREA D - SALMON GILL NET,2008,13,94,508,888,0,0,228,659,5,"36,453",3,0,17,0,0,
SALMON GILL NET,IN-SEASON,AREA D - SALMON GILL NET,2008,14,78,309,0,0,0,32,0,0,"13,878",1,0,0,0,0,
SALMON GILL NET,IN-SEASON,AREA E - SALMON GILL NET,2008,17,23,24,0,0,0,1,0,0,802,0,0,0,0,0,
SALMON GILL NET,IN-SEASON,AREA E - SALMON GILL NET,2008,18,50,89,0,0,0,0,0,0,"3,560",0,0,0,0,0,
SALMON GILL NET,IN-SEASON,AREA E - SALMON GILL NET,2008,21,90,276,0,0,4,144,0,0,"23,919",9,0,3,0,2,
SALMON GILL NET,IN-SEASON,AREA D - SALMON GILL NET,2008,23,85,213,0,0,900,6,0,0,"2,109",0,"4,848",3,0,0,
SALMON GILL NET,IN-SEASON,AREA D - SALMON GILL NET,2008,24,4,6,0,0,0,24,0,0,483,0,0,0,0,0,
SALMON GILL NET,IN-SEASON,AREA D - SALMON GILL NET,2008,25,23,79,0,0,633,2,0,0,"14,810",0,0,2,0,3,
SALMON GILL NET,IN-SEASON,AREA E - SALMON GILL NET,2008,29,184,204,0,0,0,0,0,0,"38,000",0,0,0,0,0,
SALMON GILL NET,IN-SEASON,AREA C - SALMON GILL NET,2009,2,4,12,0,0,60,0,0,0,"3,550",0,0,0,0,0,
SALMON GILL NET,IN-SEASON,AREA C - SALMON GILL NET,2009,3,343,"2,275","103,628",0,0,"4,815","184,679",910,"47,197","7,008","1,299",439,0,291,
SALMON GILL NET,IN-SEASON,AREA C - SALMON GILL NET,2009,4,111,191,132,0,0,0,0,0,0,0,"2,438",2,0,79,
SALMON GILL NET,IN-SEASON,AREA C - SALMON GILL NET,2009,6,95,222,"1,086",24,0,655,"19,796",493,"29,337",0,84,4,0,5,
SALMON GILL NET,IN-SEASON,AREA C - SALMON GILL NET,2009,7,16,18,14,1,0,29,203,16,"1,710",0,0,0,0,2,
SALMON GILL NET,IN-SEASON,AREA C - SALMON GILL NET,2009,8,138,694,"1,071",104,0,736,"1,253",41,"35,187",4,"4,096",3,0,59,
SALMON GILL NET,IN-SEASON,AREA D - SALMON GILL NET,2009,12,128,681,0,11,0,836,751,3,"63,083",4,0,7,0,16,
SALMON GILL NET,IN-SEASON,AREA D - SALMON GILL NET,2009,13,93,550,0,0,1,382,2,1,"63,542",3,0,7,0,7,
SALMON GILL NET,IN-SEASON,AREA D - SALMON GILL NET,2009,14,111,563,0,0,1,133,0,0,"46,609",15,0,2,0,1,
SALMON GILL NET,IN-SEASON,AREA E - SALMON GILL NET,2009,17,40,94,0,0,0,61,0,0,"6,731",0,1,0,0,0,
SALMON GILL NET,IN-SEASON,AREA E - SALMON GILL NET,2009,18,44,82,0,0,0,27,0,0,"3,731",0,0,0,0,0,
SALMON GILL NET,IN-SEASON,AREA D - SALMON GILL NET,2009,23,86,303,"9,213",69,377,16,0,0,8,0,"3,671",6,0,65,
SALMON GILL NET,IN-SEASON,AREA D - SALMON GILL NET,2009,25,74,74,0,0,1,0,0,0,0,0,"3,496",0,0,0,
SALMON GILL NET,IN-SEASON,AREA E - SALMON GILL NET,2009,29,183,201,1,5,10,"1,651",1,73,"42,115",22,33,48,0,19,
SALMON GILL NET,IN-SEASON,AREA C - SALMON GILL NET,2010,2,6,32,0,0,100,0,4,0,"8,602",0,0,0,0,0,
SALMON GILL NET,IN-SEASON,AREA C - SALMON GILL NET,2010,3,260,"1,394","65,649",0,0,"2,410","30,150",142,"15,388","10,920",694,304,0,185,
SALMON GILL NET,IN-SEASON,AREA C - SALMON GILL NET,2010,4,244,581,"62,798",16,0,"1,227","15,116",339,0,"3,001","1,061",108,0,666,
SALMON GILL NET,IN-SEASON,AREA C - SALMON GILL NET,2010,5,17,21,"2,385",0,0,290,294,30,0,309,0,4,0,27,
SALMON GILL NET,IN-SEASON,AREA C - SALMON GILL NET,2010,6,8,17,344,28,0,44,435,0,"1,612",0,21,0,0,3,
SALMON GILL NET,IN-SEASON,AREA C - SALMON GILL NET,2010,8,59,222,301,82,0,113,"1,155",50,"3,932",0,"1,549",2,0,37,
SALMON GILL NET,IN-SEASON,AREA D - SALMON GILL NET,2010,11,47,211,"44,119",0,0,654,"7,994",260,489,37,6,56,0,12,
SALMON GILL NET,IN-SEASON,AREA D - SALMON GILL NET,2010,12,250,"4,244","845,057",152,31,"10,967","93,462","1,948","15,610",100,16,613,0,60,
SALMON GILL NET,IN-SEASON,AREA D - SALMON GILL NET,2010,13,92,789,"116,507",0,1,597,"6,922",131,"5,748",22,3,64,0,3,
SALMON GILL NET,IN-SEASON,AREA D - SALMON GILL NET,2010,23,93,952,"240,543",1,142,31,4,4,932,1,12,94,0,442,
SALMON GILL NET,IN-SEASON,AREA D - SALMON GILL NET,2010,25,19,78,0,0,568,0,0,0,"13,122",1,"1,735",13,0,0,
SALMON GILL NET,IN-SEASON,AREA E - SALMON GILL NET,2010,29,308,"2,937","2,120,369",1,51,793,57,0,165,10,"6,385",63,0,36,
SALMON GILL NET,IN-SEASON,AREA C - SALMON GILL NET,2011,2,6,18,0,0,402,0,0,1,0,144,0,0,0,0,
SALMON GILL NET,IN-SEASON,AREA C - SALMON GILL NET,2011,3,233,"1,018","70,075",0,"1,364",197,"28,978",220,0,"5,106","1,037",303,0,349,
SALMON GILL NET,IN-SEASON,AREA C - SALMON GILL NET,2011,4,288,"1,595","249,050",57,"2,511","1,300","95,742",417,0,"2,423","1,666",301,0,"1,578",
SALMON GILL NET,IN-SEASON,AREA C - SALMON GILL NET,2011,5,6,11,"1,610",0,0,56,"1,181",0,0,186,0,0,0,0,
SALMON GILL NET,IN-SEASON,AREA C - SALMON GILL NET,2011,6,21,92,734,0,870,0,"3,631",0,"18,383",0,3,1,0,1,
SALMON GILL NET,IN-SEASON,AREA C - SALMON GILL NET,2011,7,85,322,6,4,"1,547",420,"1,377",101,"81,779",0,0,0,0,0,
SALMON GILL NET,IN-SEASON,AREA C - SALMON GILL NET,2011,8,69,441,483,69,698,106,"1,998",6,"32,382",0,"5,176",6,0,94,
SALMON GILL NET,IN-SEASON,AREA C - SALMON GILL NET,2011,10,82,413,"44,731",0,489,88,0,"1,119",0,364,0,39,0,9,
SALMON GILL NET,IN-SEASON,AREA D - SALMON GILL NET,2011,11,14,24,"1,823",0,0,82,689,0,62,2,0,0,0,3,
SALMON GILL NET,IN-SEASON,AREA D - SALMON GILL NET,2011,12,179,"1,448","75,998",1,10,"2,221","22,100",460,"59,501",47,6,74,0,60,
SALMON GILL NET,IN-SEASON,AREA D - SALMON GILL NET,2011,13,88,537,"21,616",0,0,379,"4,179",41,"43,831",105,3,13,0,8,
SALMON GILL NET,IN-SEASON,AREA D - SALMON GILL NET,2011,14,103,599,0,0,0,27,0,0,"58,318",0,0,6,0,0,
SALMON GILL NET,IN-SEASON,AREA E - SALMON GILL NET,2011,21,75,529,0,1,0,94,0,0,"65,469",0,48,2,0,4,
SALMON GILL NET,IN-SEASON,AREA D - SALMON GILL NET,2011,23,142,"1,633","232,444",20,289,482,19,18,"6,222",14,"7,965",317,0,343,
SALMON GILL NET,IN-SEASON,AREA D - SALMON GILL NET,2011,24,3,10,0,0,4,1,0,0,"1,495",0,0,0,0,0,
SALMON GILL NET,IN-SEASON,AREA D - SALMON GILL NET,2011,25,58,264,0,0,689,6,0,8,"15,902",1,"13,496",20,0,2,
SALMON GILL NET,IN-SEASON,AREA E - SALMON GILL NET,2011,29,296,"1,418","159,431",154,3,365,"80,842",62,"35,779",48,"5,515",106,16,18,
SALMON GILL NET,IN-SEASON,AREA C - SALMON GILL NET,2012,3,261,"1,375","113,241",0,0,"2,409","58,528",616,"14,195","3,665",466,919,0,403,
SALMON GILL NET,IN-SEASON,AREA C - SALMON GILL NET,2012,4,330,"1,388","399,892",45,0,"2,276","24,214",465,0,"1,664",314,922,0,944,
SALMON GILL NET,IN-SEASON,AREA C - SALMON GILL NET,2012,5,6,14,"2,730",0,0,23,85,8,0,32,0,2,0,7,
SALMON GILL NET,IN-SEASON,AREA C - SALMON GILL NET,2012,6,86,199,0,126,0,743,"2,014",351,"14,786",0,10,10,0,3,
SALMON GILL NET,IN-SEASON,AREA C - SALMON GILL NET,2012,7,104,242,1,6,145,774,105,89,"54,091",0,0,3,0,8,
SALMON GILL NET,IN-SEASON,AREA C - SALMON GILL NET,2012,8,147,868,509,122,0,"1,321",349,416,"137,611",6,"3,807",49,0,203,
SALMON GILL NET,IN-SEASON,AREA D - SALMON GILL NET,2012,11,0,0,0,0,0,0,0,0,0,0,0,0,0,0,
SALMON GILL NET,IN-SEASON,AREA D - SALMON GILL NET,2012,12,103,602,0,0,3,"1,001",6,16,"36,882",4,0,4,0,40,
SALMON GILL NET,IN-SEASON,AREA D - SALMON GILL NET,2012,13,85,496,0,3,0,369,0,0,"38,401",0,0,3,0,5,
SALMON GILL NET,IN-SEASON,AREA D - SALMON GILL NET,2012,14,94,178,0,0,2,74,18,0,"14,070",0,0,1,0,0,
SALMON GILL NET,IN-SEASON,AREA E - SALMON GILL NET,2012,18,75,320,0,0,0,155,0,0,"60,466",0,0,1,0,0,
SALMON GILL NET,IN-SEASON,AREA E - SALMON GILL NET,2012,21,68,199,0,0,178,56,0,0,"23,219",0,0,0,0,3,
SALMON GILL NET,IN-SEASON,AREA D - SALMON GILL NET,2012,23,176,"1,418","113,464",4,67,"1,843",1,23,"3,558",7,"2,094",236,2,328,
SALMON GILL NET,IN-SEASON,AREA D - SALMON GILL NET,2012,24,1,6,,,,,,,,,,,,,Catch figures omitted due to privacy restrictions.
SALMON GILL NET,IN-SEASON,AREA D - SALMON GILL NET,2012,25,63,233,0,0,3,0,0,1,11,0,"8,135",46,0,0,
SALMON GILL NET,IN-SEASON,AREA E - SALMON GILL NET,2012,29,156,155,0,4,0,"1,364",0,4,"64,427",13,1,40,0,34,
SALMON GILL NET,IN-SEASON,AREA C - SALMON GILL NET,2013,3,252,"2,481","138,062",0,"4,456","2,025","293,309","1,279","11,931","5,264","1,129","1,595",0,454,
SALMON GILL NET,IN-SEASON,AREA C - SALMON GILL NET,2013,4,82,206,0,140,0,0,8,0,0,0,997,15,0,67,
SALMON GILL NET,IN-SEASON,AREA C - SALMON GILL NET,2013,7,117,184,4,5,721,275,"1,681",103,"51,323",8,2,7,0,3,
SALMON GILL NET,IN-SEASON,AREA C - SALMON GILL NET,2013,8,198,"1,668","2,320",267,0,"4,127","50,387","1,022","326,292",0,"5,306",53,0,324,
SALMON GILL NET,IN-SEASON,AREA D - SALMON GILL NET,2013,12,101,708,0,1,14,999,2,7,"79,713",7,0,4,0,7,
SALMON GILL NET,IN-SEASON,AREA D - SALMON GILL NET,2013,13,78,409,0,0,3,270,2,4,"42,866",1,0,3,0,5,
SALMON GILL NET,IN-SEASON,AREA D - SALMON GILL NET,2013,14,84,443,0,0,0,90,0,0,"30,873",10,0,4,0,0,
SALMON GILL NET,IN-SEASON,AREA E - SALMON GILL NET,2013,17,46,80,0,0,0,27,0,0,"9,993",0,0,0,0,1,
SALMON GILL NET,IN-SEASON,AREA E - SALMON GILL NET,2013,21,54,138,0,0,3,44,1,0,"15,730",1,0,0,0,2,
SALMON GILL NET,IN-SEASON,AREA D - SALMON GILL NET,2013,23,92,189,"11,390",0,"1,103",44,0,1,"1,419",1,171,14,0,19,
SALMON GILL NET,IN-SEASON,AREA D - SALMON GILL NET,2013,25,57,122,0,0,2,0,0,0,3,2,"8,688",0,0,0,
SALMON GILL NET,IN-SEASON,AREA E - SALMON GILL NET,2013,29,173,173,0,4,30,"1,551",1,46,"94,412",61,5,21,0,22,
SALMON GILL NET,IN-SEASON,AREA C - SALMON GILL NET,2014,1,0,0,0,0,0,0,0,0,0,0,0,0,0,0,
SALMON GILL NET,IN-SEASON,AREA C - SALMON GILL NET,2014,3,262,"2,069","111,426",0,"1,907",71,"31,943",152,"3,947","5,873","2,209",801,0,340,
SALMON GILL NET,IN-SEASON,AREA C - SALMON GILL NET,2014,4,332,"2,735","363,396",69,"7,932",225,"310,394","2,778",0,"4,584",423,"1,468",0,"2,062",
SALMON GILL NET,IN-SEASON,AREA C - SALMON GILL NET,2014,5,7,13,848,0,86,0,"3,066",0,0,149,0,0,0,5,
SALMON GILL NET,IN-SEASON,AREA C - SALMON GILL NET,2014,7,42,166,38,4,"1,120",34,476,13,"46,834",0,4,0,0,0,
SALMON GILL NET,IN-SEASON,AREA C - SALMON GILL NET,2014,8,79,322,650,105,0,319,"1,097",97,"27,379",0,"2,234",2,0,69,
SALMON GILL NET,IN-SEASON,AREA C - SALMON GILL NET,2014,10,20,34,"1,882",0,61,7,122,35,0,39,0,6,0,0,
SALMON GILL NET,IN-SEASON,AREA D - SALMON GILL NET,2014,11,52,326,"58,482",1,9,"1,494","9,937",310,"1,459",24,0,126,0,111,
SALMON GILL NET,IN-SEASON,AREA D - SALMON GILL NET,2014,12,272,"6,319","866,130",111,33,"13,623","173,190","5,151","42,721",258,0,857,0,366,
SALMON GILL NET,IN-SEASON,AREA D - SALMON GILL NET,2014,13,106,"1,734","251,514",12,1,"1,816","9,835",744,"34,534",25,0,198,0,26,
SALMON GILL NET,IN-SEASON,AREA D - SALMON GILL NET,2014,14,8,13,154,0,0,6,0,0,3,0,0,4,0,0,
SALMON GILL NET,IN-SEASON,AREA E - SALMON GILL NET,2014,18,75,333,0,0,0,75,0,0,"28,139",6,0,0,0,0,
SALMON GILL NET,IN-SEASON,AREA D - SALMON GILL NET,2014,23,142,"1,833","169,912",91,558,15,9,46,4,0,668,65,1,289,
SALMON GILL NET,IN-SEASON,AREA D - SALMON GILL NET,2014,25,19,145,0,0,0,1,0,0,3,1,"18,418",0,0,0,
SALMON GILL NET,IN-SEASON,AREA E - SALMON GILL NET,2014,29,314,"3,023","1,626,127",58,67,"3,840",69,11,"63,788",112,"6,513","7,872",1,101,
SALMON GILL NET,IN-SEASON,AREA C - SALMON GILL NET,2015,2,1,2,,,,,,,,,,,,,Catch figures omitted due to privacy restrictions.
SALMON GILL NET,IN-SEASON,AREA C - SALMON GILL NET,2015,3,257,"2,659","183,410",1,"10,814",103,"159,088",560,"56,605","21,386","1,792","1,418",0,600,
SALMON GILL NET,IN-SEASON,AREA C - SALMON GILL NET,2015,4,134,251,"10,698",30,"1,065",22,949,12,0,163,621,7,0,159,
SALMON GILL NET,IN-SEASON,AREA C - SALMON GILL NET,2015,6,62,373,0,587,0,"1,830","3,603",312,"89,046",0,21,42,0,24,
SALMON GILL NET,IN-SEASON,AREA C - SALMON GILL NET,2015,7,153,424,22,5,162,996,405,132,"108,104",3,2,2,0,6,
SALMON GILL NET,IN-SEASON,AREA C - SALMON GILL NET,2015,8,171,"1,318","1,811",176,0,"1,911","22,075","1,294","293,057",63,"5,328",62,0,299,
SALMON GILL NET,IN-SEASON,AREA D - SALMON GILL NET,2015,12,135,731,1,2,6,"1,107",107,2,"56,177",16,0,9,0,18,
SALMON GILL NET,IN-SEASON,AREA D - SALMON GILL NET,2015,13,86,398,0,0,1,362,7,2,"35,618",5,0,13,0,1,
SALMON GILL NET,IN-SEASON,AREA D - SALMON GILL NET,2015,14,88,203,0,0,0,10,0,0,"12,812",9,0,0,0,0,
SALMON GILL NET,IN-SEASON,AREA E - SALMON GILL NET,2015,17,74,258,0,0,0,35,0,0,"18,133",0,0,2,0,0,
SALMON GILL NET,IN-SEASON,AREA E - SALMON GILL NET,2015,18,81,78,0,0,0,12,0,0,"22,117",0,0,0,0,0,
SALMON GILL NET,IN-SEASON,AREA E - SALMON GILL NET,2015,21,79,244,0,0,0,74,2,0,"110,535",0,0,5,0,3,
SALMON GILL NET,IN-SEASON,AREA D - SALMON GILL NET,2015,23,135,"1,096","329,505",42,323,49,174,41,10,5,516,100,0,183,
SALMON GILL NET,IN-SEASON,AREA D - SALMON GILL NET,2015,25,51,298,0,0,12,0,0,0,"1,446",0,"9,615",1,0,0,
SALMON GILL NET,IN-SEASON,AREA E - SALMON GILL NET,2015,29,213,407,0,4,104,736,2,4,"123,329",67,4,129,0,27,
SALMON GILL NET,IN-SEASON,AREA C - SALMON GILL NET,2016,3,187,886,"19,508",0,"1,867",30,"6,271",5,"9,727","3,157",830,179,0,87,
SALMON GILL NET,IN-SEASON,AREA C - SALMON GILL NET,2016,4,272,"1,206","107,406",119,"10,707",145,"70,633",187,0,"1,485",392,693,0,"1,322",
SALMON GILL NET,IN-SEASON,AREA C - SALMON GILL NET,2016,5,7,6,478,0,158,0,"1,152",0,0,147,0,2,0,2,
SALMON GILL NET,IN-SEASON,AREA C - SALMON GILL NET,2016,6,81,218,0,551,0,117,"21,953",0,"28,110",0,40,35,0,4,
SALMON GILL NET,IN-SEASON,AREA C - SALMON GILL NET,2016,7,122,238,229,15,224,481,"1,914",62,"39,722",0,7,0,0,9,
SALMON GILL NET,IN-SEASON,AREA C - SALMON GILL NET,2016,8,212,"1,361","5,295",642,0,"1,104","61,949","10,711","330,810",78,"3,185",54,0,309,
SALMON GILL NET,IN-SEASON,AREA C - SALMON GILL NET,2016,10,77,508,"71,400",2,0,178,4,926,15,"3,463",0,70,0,3,
SALMON GILL NET,IN-SEASON,AREA D - SALMON GILL NET,2016,12,120,646,0,0,0,213,1,10,"84,589",3,0,11,0,15,
SALMON GILL NET,IN-SEASON,AREA D - SALMON GILL NET,2016,13,118,622,0,0,0,164,4,1,"136,156",0,0,17,0,7,
SALMON GILL NET,IN-SEASON,AREA D - SALMON GILL NET,2016,14,63,270,0,0,0,5,0,0,"39,084",0,0,0,0,0,
SALMON GILL NET,IN-SEASON,AREA E - SALMON GILL NET,2016,17,100,402,0,0,0,40,0,0,"86,254",0,0,4,0,3,
SALMON GILL NET,IN-SEASON,AREA E - SALMON GILL NET,2016,18,100,862,0,0,0,73,0,0,"201,494",0,0,5,0,1,
SALMON GILL NET,IN-SEASON,AREA E - SALMON GILL NET,2016,21,95,312,0,0,0,93,0,0,"137,591",11,0,4,0,3,
SALMON GILL NET,IN-SEASON,AREA D - SALMON GILL NET,2016,23,178,"1,407","161,934",6,808,220,0,1,4,170,"1,671",39,2,142,
SALMON GILL NET,IN-SEASON,AREA D - SALMON GILL NET,2016,25,60,255,0,0,0,60,0,0,"13,371",4,"3,451",7,0,0,
SALMON GILL NET,IN-SEASON,AREA E - SALMON GILL NET,2016,29,201,377,0,0,180,932,0,0,"178,686",11,3,49,0,21,
SALMON GILL NET,IN-SEASON,AREA C - SALMON GILL NET,2017,3,203,"1,078","34,940",0,568,28,748,13,"4,208","1,963","1,257",598,0,249,
SALMON GILL NET,IN-SEASON,AREA C - SALMON GILL NET,2017,6,55,237,0,299,536,0,"5,549",109,"17,740",0,121,18,0,6,
SALMON GILL NET,IN-SEASON,AREA C - SALMON GILL NET,2017,7,21,28,20,2,0,48,940,5,"3,138",0,6,0,0,2,
SALMON GILL NET,IN-SEASON,AREA C - SALMON GILL NET,2017,8,210,"1,334",753,120,0,"2,596","43,249","1,251","232,910",0,"2,992",28,0,133,
SALMON GILL NET,IN-SEASON,AREA D - SALMON GILL NET,2017,12,131,727,0,0,10,561,2,4,"59,166",0,1,4,1,6,
SALMON GILL NET,IN-SEASON,AREA D - SALMON GILL NET,2017,13,102,474,0,1,0,198,1,4,"37,053",43,0,12,0,1,
SALMON GILL NET,IN-SEASON,AREA D - SALMON GILL NET,2017,14,71,122,0,0,0,10,0,0,"16,964",0,0,2,0,0,
SALMON GILL NET,IN-SEASON,AREA E - SALMON GILL NET,2017,17,116,745,0,0,0,92,0,0,"88,944",0,0,4,0,0,
SALMON GILL NET,IN-SEASON,AREA E - SALMON GILL NET,2017,18,126,"1,119",0,0,0,71,0,1,"91,767",5,0,3,0,1,
SALMON GILL NET,IN-SEASON,AREA E - SALMON GILL NET,2017,21,107,248,0,0,0,39,0,0,"36,051",0,0,0,0,3,
SALMON GILL NET,IN-SEASON,AREA D - SALMON GILL NET,2017,23,89,378,"9,936",0,99,11,0,1,1,1,"7,132",16,0,55,
SALMON GILL NET,IN-SEASON,AREA D - SALMON GILL NET,2017,25,78,384,0,0,0,353,0,0,"12,150",1,"20,202",18,0,4,
SALMON GILL NET,IN-SEASON,AREA D - SALMON GILL NET,2017,26,4,36,0,0,0,196,0,0,"8,284",0,0,7,0,0,
SALMON GILL NET,IN-SEASON,AREA E - SALMON GILL NET,2017,29,183,329,0,8,68,743,1,14,"77,382",11,0,104,0,12,
SALMON GILL NET,IN-SEASON,AREA C - SALMON GILL NET,2018,3,140,379,"11,627",0,93,5,818,7,"8,506",524,0,341,0,27,
SALMON GILL NET,IN-SEASON,AREA C - SALMON GILL NET,2018,4,126,625,"79,225",0,0,"1,016","10,917",257,0,"1,239",0,220,0,"1,305",
SALMON GILL NET,IN-SEASON,AREA C - SALMON GILL NET,2018,5,2,2,,,,,,,,,,,,,Catch figures omitted due to privacy restrictions.
SALMON GILL NET,IN-SEASON,AREA C - SALMON GILL NET,2018,8,228,"1,370","3,563",243,0,"1,218","4,834",157,"240,268",0,"4,603",65,0,733,
SALMON GILL NET,IN-SEASON,AREA D - SALMON GILL NET,2018,11,48,232,"23,279",0,0,474,"1,128",21,"1,518",12,0,58,0,14,
SALMON GILL NET,IN-SEASON,AREA D - SALMON GILL NET,2018,12,256,"3,853","352,733",112,0,"4,708","29,753",238,"15,257",45,4,727,0,57,
SALMON GILL NET,IN-SEASON,AREA D - SALMON GILL NET,2018,13,129,"1,276","102,994",196,0,530,"3,165",67,"5,922",3,2,286,0,2,
SALMON GILL NET,IN-SEASON,AREA E - SALMON GILL NET,2018,17,141,"1,030",0,0,0,88,0,1,"79,077",0,0,1,0,5,
SALMON GILL NET,IN-SEASON,AREA E - SALMON GILL NET,2018,18,102,418,0,0,0,5,0,0,"16,727",0,0,1,0,0,
SALMON GILL NET,IN-SEASON,AREA E - SALMON GILL NET,2018,19,31,90,0,0,0,1,0,0,"4,841",0,0,1,0,0,
SALMON GILL NET,IN-SEASON,AREA E - SALMON GILL NET,2018,21,99,223,0,0,0,20,0,0,"11,467",1,0,1,0,1,
SALMON GILL NET,IN-SEASON,AREA D - SALMON GILL NET,2018,23,134,512,"10,543",8,"2,278",145,16,0,74,20,"12,056",30,0,35,
SALMON GILL NET,IN-SEASON,AREA D - SALMON GILL NET,2018,25,18,96,0,0,0,84,0,0,"7,706",0,"3,307",12,0,2,
SALMON GILL NET,IN-SEASON,AREA D - SALMON GILL NET,2018,26,4,32,0,0,0,83,0,0,"8,278",0,0,5,0,1,
SALMON GILL NET,IN-SEASON,AREA E - SALMON GILL NET,2018,29,290,"1,102","600,942",0,0,62,20,12,2,4,24,"2,402",1,14,
SALMON GILL NET,IN-SEASON,AREA C - SALMON GILL NET,2019,3,139,567,"19,785",0,0,"1,042","19,522",106,"4,289",437,0,747,0,44,
SALMON GILL NET,IN-SEASON,AREA C - SALMON GILL NET,2019,8,221,855,247,26,6,798,621,67,"86,979","2,774","6,092",53,1,70,
SALMON GILL NET,IN-SEASON,AREA D - SALMON GILL NET,2019,23,139,445,"5,972",1,178,60,0,0,0,3,"24,811",21,0,15,
SALMON GILL NET,IN-SEASON,AREA D - SALMON GILL NET,2019,25,89,304,0,0,0,34,0,0,"4,126",0,"14,132",1,0,0,
SALMON GILL NET,IN-SEASON,AREA D - SALMON GILL NET,2019,26,4,24,0,0,0,13,0,0,"2,717",0,0,0,0,0,
SALMON GILL NET,IN-SEASON,AREA C - SALMON GILL NET,2020,4,117,201,"22,807",0,0,769,"9,363",0,0,71,0,34,0,108,
SALMON GILL NET,IN-SEASON,AREA C - SALMON GILL NET,2020,8,169,436,199,23,0,186,"10,666",31,"12,974",1,"4,130",5,0,64,
SALMON GILL NET,IN-SEASON,AREA D - SALMON GILL NET,2020,12,114,408,0,0,100,28,2,4,"42,551",0,0,3,0,0,
SALMON GILL NET,IN-SEASON,AREA D - SALMON GILL NET,2020,13,71,222,0,0,0,3,0,0,"12,893",0,0,4,0,0,
SALMON GILL NET,IN-SEASON,AREA D - SALMON GILL NET,2020,14,10,60,0,0,0,13,0,0,"6,735",0,0,3,0,0,
SALMON GILL NET,IN-SEASON,AREA D - SALMON GILL NET,2020,23,117,367,"7,038",0,0,95,0,0,0,6,"24,919",0,0,23,
SALMON GILL NET,IN-SEASON,AREA D - SALMON GILL NET,2020,25,79,117,0,0,0,51,0,0,"6,065",0,"9,980",3,0,0,
SALMON GILL NET,IN-SEASON,AREA D - SALMON GILL NET,2020,26,4,23,0,0,0,48,0,1,"2,977",0,0,0,0,0,
SALMON GILL NET,IN-SEASON,AREA E - SALMON GILL NET,2020,17,57,214,0,0,0,1,0,0,"8,110",0,0,0,0,0,
SALMON GILL NET,IN-SEASON,AREA E - SALMON GILL NET,2020,29,154,353,0,1,94,348,0,1,"33,339",19,0,18,0,2,
SALMON GILL NET,IN-SEASON,AREA C - SALMON GILL NET,2021,8,49,162,0,1,0,0,0,0,425,1,"1,684",2,0,0,
SALMON GILL NET,IN-SEASON,AREA D - SALMON GILL NET,2021,23,143,709,"35,777",145,0,543,0,1,0,16,"15,662",66,0,12,
SALMON GILL NET,IN-SEASON,AREA D - SALMON GILL NET,2021,25,82,191,0,0,0,73,0,0,"3,327",1,"6,005",7,0,0,
SALMON GILL NET,IN-SEASON,AREA D - SALMON GILL NET,2021,26,4,24,0,0,0,210,0,0,"2,460",0,0,4,0,0,
SALMON GILL NET,IN-SEASON,AREA C - SALMON GILL NET,2022,4,150,"1,785","482,487",0,0,"2,925","100,838","15,766",0,"1,989",0,"1,243",0,318,
SALMON GILL NET,IN-SEASON,AREA C - SALMON GILL NET,2022,8,32,96,0,0,0,0,0,0,291,2,396,0,0,0,
SALMON GILL NET,IN-SEASON,AREA D - SALMON GILL NET,2022,13,17,32,894,0,0,304,276,34,131,16,0,9,0,0,
SALMON GILL NET,IN-SEASON,AREA D - SALMON GILL NET,2022,23,131,"1,162","96,396",1,2,254,6,2,1,4,"16,219",51,0,57,
SALMON GILL NET,IN-SEASON,AREA E - SALMON GILL NET,2022,17,30,42,0,0,0,0,0,0,67,0,1,0,0,0,
SALMON GILL NET,IN-SEASON,AREA E - SALMON GILL NET,2022,19,40,119,0,0,0,0,0,0,"6,082",0,0,0,0,0,
